Country,Code,Year,Annual nitrous oxide emissions in CO₂ equivalents,Annual methane emissions in CO₂ equivalents,Annual CO₂ emissions
China,CHN,1850,5828060.5,253096220,173548110
China,CHN,1851,5919000.5,250934430,172725490
China,CHN,1852,6008322.5,248776400,161629800
China,CHN,1853,6095027,246622030,176107840
China,CHN,1854,6178113.5,244471340,155673870
China,CHN,1855,6256581.5,242324290,156292910
China,CHN,1856,6329429.5,240180820,150647970
China,CHN,1857,6395658.5,238040940,143566080
China,CHN,1858,6454266.5,235904580,150433660
China,CHN,1859,6504253,233771710,143235800
China,CHN,1860,6544619,231642340,130825250
China,CHN,1861,6578936.5,230474050,106814550
China,CHN,1862,6611712.5,229306930,93574620
China,CHN,1863,6643343.5,228140960,90792584
China,CHN,1864,6674224.5,226976140,70357960
China,CHN,1865,6704754.5,225812480,53654828
China,CHN,1866,6735328.5,224649950,46326700
China,CHN,1867,6766344,223488560,32979782
China,CHN,1868,6798196.5,222328300,22004014
China,CHN,1869,6831283.5,221169140,11742241
China,CHN,1870,6866001.5,220011140,8020441
China,CHN,1871,6952493,220626980,18784256
China,CHN,1872,7127036,221243060,10758805
China,CHN,1873,7369238,221859490,590279.56
China,CHN,1874,7658703,222476260,7876216.5
China,CHN,1875,7975035.5,223093390,3404250
China,CHN,1876,8297841.5,223710750,10903231
China,CHN,1877,8606726,224328460,13756909
China,CHN,1878,8881293,224946530,17047456
China,CHN,1879,9101147,225564940,11165335
China,CHN,1880,9245895,226180340,30794536
China,CHN,1881,9340201,226915220,47392724
China,CHN,1882,9423766,227650480,44637810
China,CHN,1883,9498752,228386370,44848780
China,CHN,1884,9567316,229122670,60444384
China,CHN,1885,9631618,229859470,44403604
China,CHN,1886,9693819,230596770,49962820
China,CHN,1887,9756077,231334460,70204280
China,CHN,1888,9820552,232072780,62174620
China,CHN,1889,9889404,232811620,67698840
China,CHN,1890,10328461,233550830,90784136
China,CHN,1891,10497917,234773760,89388470
China,CHN,1892,10672717,235998450,97499704
China,CHN,1893,10852778,237224770,87601240
China,CHN,1894,11038015,238452660,93286420
China,CHN,1895,11228344,239682240,103061390
China,CHN,1896,11423681,240907460,109292190
China,CHN,1897,11623942,242134180,113084680
China,CHN,1898,11829042,243362380,115658600
China,CHN,1899,12038897,244609540,116674640
China,CHN,1900,12253424,245821460,130326170
China,CHN,1901,12473795,247131570,146469840
China,CHN,1902,12701245,248460540,161890060
China,CHN,1903,12935778,250116430,176277280
China,CHN,1904,13177397,251454420,168862190
China,CHN,1905,13426108,252809260,170489840
China,CHN,1906,13681911,256845280,180954670
China,CHN,1907,13944813,258119630,204562560
China,CHN,1908,14214818,260526100,211236800
China,CHN,1909,14491928,261507280,212070830
China,CHN,1910,14776148,262453660,237084620
China,CHN,1911,15076125,267010670,255132910
China,CHN,1912,15398198,266586050,252082140
China,CHN,1913,15738912,269652860,274807800
China,CHN,1914,16094813,273345540,291480480
China,CHN,1915,16462445,276429250,289896100
China,CHN,1916,16838354,279685500,295152770
China,CHN,1917,17219086,282951460,307763520
China,CHN,1918,17601184,286097470,319040220
China,CHN,1919,17981194,289626850,311458430
China,CHN,1920,18355662,293035650,294460450
China,CHN,1921,18723058,293717660,292751070
China,CHN,1922,19086448,294917570,286439580
China,CHN,1923,19449260,296883840,301103520
China,CHN,1924,19814924,298380220,291838900
China,CHN,1925,20186872,298994560,296905020
China,CHN,1926,20568530,299274900,299899230
China,CHN,1927,20963334,300941630,296247650
China,CHN,1928,21374710,301986620,306039330
China,CHN,1929,21806090,303236770,301511580
China,CHN,1930,22260906,304560160,324690620
China,CHN,1931,22747152,306926140,342631260
China,CHN,1932,23269702,308567970,367539700
China,CHN,1933,23827288,311167740,391135040
China,CHN,1934,24418652,314289280,411953820
China,CHN,1935,25042524,317624580,427162720
China,CHN,1936,25697640,320328000,438081100
China,CHN,1937,26382738,320895550,454698100
China,CHN,1938,27096552,321407360,448158180
China,CHN,1939,27837818,324917950,481264000
China,CHN,1940,28605272,329751740,534135100
China,CHN,1941,29695084,335410620,573682240
China,CHN,1942,31331800,338263520,605677200
China,CHN,1943,33406738,337076770,607608260
China,CHN,1944,35811220,338989820,619061440
China,CHN,1945,38436550,333314940,585528960
China,CHN,1946,41174056,332826370,585648800
China,CHN,1947,43915040,336306900,587778240
China,CHN,1948,46550830,337645150,570397440
China,CHN,1949,48972740,347063970,593292600
China,CHN,1950,51072080,353469540,813077600
China,CHN,1951,53178356,367681250,985629500
China,CHN,1952,55649644,381130530,790180350
China,CHN,1953,58420136,390176130,730257540
China,CHN,1954,61424010,402632740,890850900
China,CHN,1955,64595452,415241300,864838400
China,CHN,1956,67868650,426836060,773118400
China,CHN,1957,71177784,441634460,770351740
China,CHN,1958,74457040,495981730,862611140
China,CHN,1959,77640590,536831500,1059076100
China,CHN,1960,80662640,552710300,1027290800
China,CHN,1961,84976420,521948480,1100974300
China,CHN,1962,87605970,507972200,1014923000
China,CHN,1963,93064010,522051420,1069380860
China,CHN,1964,100643920,545809800,986948300
China,CHN,1965,108139840,565684600,1199442200
China,CHN,1966,117917900,590978600,1073513300
China,CHN,1967,117951730,589512640,816435300
China,CHN,1968,121333830,604910000,918481300
China,CHN,1969,125581864,634450240,1438114200
China,CHN,1970,132501610,682384700,1490593900
China,CHN,1971,136563460,701486500,1322847900
China,CHN,1972,143254190,720749500,1770797300
China,CHN,1973,150222130,729206340,1735401700
China,CHN,1974,150591730,736292350,1743547100
China,CHN,1975,159711980,775065400,1800189700
China,CHN,1976,159958380,783918850,1742272900
China,CHN,1977,176511490,810268160,2191044000
China,CHN,1978,194582830,833349250,2462883600
China,CHN,1979,205591920,841190900,2060795800
China,CHN,1980,219189550,839155460,2014719500
China,CHN,1981,212346220,839422700,1963759400
China,CHN,1982,218732430,855678300,2071628000
China,CHN,1983,231789760,878500600,2141377200
China,CHN,1984,243895330,907524740,2264768000
China,CHN,1985,236528660,925873340,2370679600
China,CHN,1986,240089400,945811900,2477350000
China,CHN,1987,267463800,969548100,2605957600
China,CHN,1988,279591500,994888800,2783364000
China,CHN,1989,287556320,1023098400,2839672800
China,CHN,1990,298188960,1041450700,2869696300
China,CHN,1991,304797000,1045327550,2955705600
China,CHN,1992,310834000,1039679800,3089783600
China,CHN,1993,307012260,1046805060,3242011100
China,CHN,1994,319008960,1064153200,3514674200
China,CHN,1995,363468130,1126266400,3682311700
China,CHN,1996,381890980,1127177200,3844514300
China,CHN,1997,356941100,1097485400,3858210300
China,CHN,1998,365222340,1089980400,3724906200
China,CHN,1999,377373200,1092344300,3863209000
China,CHN,2000,367944030,1108095900,3831784200
China,CHN,2001,366842720,1118592300,3833159400
China,CHN,2002,384378660,1127299800,4152577000
China,CHN,2003,390809950,1186952700,4878822400
China,CHN,2004,408476350,1268221200,5267143700
China,CHN,2005,423778180,1339096600,5905111600
China,CHN,2006,436558720,1396412000,6518463500
China,CHN,2007,445351970,1424359600,6993244700
China,CHN,2008,450842270,1437849100,7517217300
China,CHN,2009,430502080,1465252100,7932551700
China,CHN,2010,434697540,1524504200,8608529000
China,CHN,2011,441329800,1626133200,9519695000
China,CHN,2012,448537760,1625214000,9711615000
China,CHN,2013,451293300,1651453800,9873662000
China,CHN,2014,454228830,1670111100,9878255000
China,CHN,2015,457124770,1671582200,9803999000
China,CHN,2016,456859900,1621114200,9612284000
China,CHN,2017,453819460,1639648800,9842397000
China,CHN,2018,449691800,1677521400,10152572000
China,CHN,2019,418187870,1699522700,10496385000
China,CHN,2020,418821300,1732467500,10690012000
China,CHN,2021,425249860,1778399900,11223970000
China,CHN,2022,420097660,1864383700,11119358000
China,CHN,2023,410853340,1886239500,11671822000
Dominica,DMA,1850,316.74557,5687.8535,24255.68
Dominica,DMA,1851,321.1526,5779.0347,26335
Dominica,DMA,1852,325.49823,5873.815,27049.48
Dominica,DMA,1853,329.7445,5979.9805,27947.16
Dominica,DMA,1854,333.8535,6086.0376,28203.64
Dominica,DMA,1855,337.78717,6191.987,28414.32
Dominica,DMA,1856,341.50754,6315.4155,28899.8
Dominica,DMA,1857,344.97662,6439.643,29202.08
Dominica,DMA,1858,348.15652,6564.692,29202.08
Dominica,DMA,1859,351.00922,6690.586,28276.92
Dominica,DMA,1860,353.49664,6817.351,23669.44
Dominica,DMA,1861,355.75464,6888.945,22652.682
Dominica,DMA,1862,357.95407,6959.734,19391.72
Dominica,DMA,1863,360.11002,7031.638,19941.32
Dominica,DMA,1864,362.23755,7103.1274,19226.84
Dominica,DMA,1865,364.35175,7163.4346,18988.68
Dominica,DMA,1866,366.4676,7223.8203,18567.32
Dominica,DMA,1867,368.6002,7284.2847,18576.48
Dominica,DMA,1868,370.76456,7344.827,18374.959
Dominica,DMA,1869,372.97583,7400.288,18219.24
Dominica,DMA,1870,375.249,7455.8003,13794.96
Dominica,DMA,1871,379.48715,7474.5864,12210.28
Dominica,DMA,1872,387.06735,7491.7275,11275.96
Dominica,DMA,1873,397.21548,7508.9956,10763
Dominica,DMA,1874,409.1575,7526.387,10286.68
Dominica,DMA,1875,422.1193,7542.139,9901.96
Dominica,DMA,1876,435.32675,7558.0107,9343.2
Dominica,DMA,1877,448.0058,7573.9966,9031.76
Dominica,DMA,1878,459.38235,7588.2466,8821.08
Dominica,DMA,1879,468.6823,7602.614,3517.4402
Dominica,DMA,1880,475.13165,7617.0933,4634.96
Dominica,DMA,1881,479.6664,7390.747,4497.56
Dominica,DMA,1882,483.79355,7181.7837,-2390.76
Dominica,DMA,1883,487.59506,6964.1167,-4992.2
Dominica,DMA,1884,491.1528,6737.6313,-7419.6
Dominica,DMA,1885,494.54883,6508.162,-9508.08
Dominica,DMA,1886,497.86508,6279.495,-11541.6
Dominica,DMA,1887,501.1835,6055.795,-13227.04
Dominica,DMA,1888,504.5861,5830.4316,-14830.04
Dominica,DMA,1889,508.15475,5608.4263,-16295.641
Dominica,DMA,1890,573.6377,5402.7505,6100.56
Dominica,DMA,1891,580.0809,5618.724,15150.641
Dominica,DMA,1892,589.41815,5838.287,20225.28
Dominica,DMA,1893,601.3748,6059.7695,24182.4
Dominica,DMA,1894,615.67633,6280.3477,27415.879
Dominica,DMA,1895,632.0479,6499.9546,30264.64
Dominica,DMA,1896,650.21497,6719.544,32774.477
Dominica,DMA,1897,669.90265,6939.1104,34872.117
Dominica,DMA,1898,690.8364,7159.7017,37033.88
Dominica,DMA,1899,712.7416,7381.363,35751.48
Dominica,DMA,1900,735.34344,7577.0166,36154.52
Dominica,DMA,1901,765.1431,7830.951,34295.04
Dominica,DMA,1902,806.7444,8089.7456,34514.88
Dominica,DMA,1903,857.0261,8350.584,31876.799
Dominica,DMA,1904,912.86743,8617.204,33415.68
Dominica,DMA,1905,971.1473,8887.562,35046.16
Dominica,DMA,1906,1028.7446,9161.553,35430.88
Dominica,DMA,1907,1082.5386,9439.069,36108.72
Dominica,DMA,1908,1129.4081,9719.998,36603.36
Dominica,DMA,1909,1166.232,10004.222,37308.68
Dominica,DMA,1910,1189.8896,10291.617,24732
Dominica,DMA,1911,1205.628,10513.272,22973.28
Dominica,DMA,1912,1220.7344,10733.053,22258.8
Dominica,DMA,1913,1235.1477,10956.691,22093.92
Dominica,DMA,1914,1248.8073,11158.42,22176.36
Dominica,DMA,1915,1261.6517,11355.697,22249.64
Dominica,DMA,1916,1273.6204,11555.117,22304.602
Dominica,DMA,1917,1284.6523,11749.712,22377.88
Dominica,DMA,1918,1294.6863,11946.598,24631.24
Dominica,DMA,1919,1303.6614,12138.301,25281.602
Dominica,DMA,1920,1311.5167,12332.443,17083.398
Dominica,DMA,1921,1316.6666,12341.826,13904.88
Dominica,DMA,1922,1318.171,12405.032,12631.64
Dominica,DMA,1923,1316.937,12436.62,12164.4795
Dominica,DMA,1924,1313.8723,12452.48,5230.36
Dominica,DMA,1925,1309.8843,12469.202,3224.3198
Dominica,DMA,1926,1305.8801,12525.139,1108.36
Dominica,DMA,1927,1302.7676,12561.209,-806.07996
Dominica,DMA,1928,1301.4536,12611.428,-2271.68
Dominica,DMA,1929,1302.8461,12654.411,-4543.36
Dominica,DMA,1930,1307.8518,12715.9795,34478.24
Dominica,DMA,1931,1318.7389,13541.785,52743.277
Dominica,DMA,1932,1336.4869,14343.556,61088.04
Dominica,DMA,1933,1360.0718,15150.404,66739.76
Dominica,DMA,1934,1388.4691,15939.862,71310.6
Dominica,DMA,1935,1420.655,16730.125,75698.24
Dominica,DMA,1936,1455.605,17625.23,79737.805
Dominica,DMA,1937,1492.295,18513.578,84162.08
Dominica,DMA,1938,1529.7012,19469.236,88595.52
Dominica,DMA,1939,1566.7987,20485.35,93386.2
Dominica,DMA,1940,1602.5638,21471.18,56956.88
Dominica,DMA,1941,1672.5198,21752.932,45671.76
Dominica,DMA,1942,1803.6736,22069.775,42685.598
Dominica,DMA,1943,1982.2272,22185.65,42447.438
Dominica,DMA,1944,2194.3823,22398.201,43995.477
Dominica,DMA,1945,2426.341,22608.908,46395.4
Dominica,DMA,1946,2664.3047,22977.602,49509.8
Dominica,DMA,1947,2894.475,23317.922,53173.8
Dominica,DMA,1948,3103.0544,23612.342,57708
Dominica,DMA,1949,3276.2444,23906.152,61555.2
Dominica,DMA,1950,3400.2463,24112.455,72080.04
Dominica,DMA,1951,3522.8662,24666.35,80186.64
Dominica,DMA,1952,3693.7747,25097.695,99312.72
Dominica,DMA,1953,3901.9724,25373.676,95575.44
Dominica,DMA,1954,4136.4595,25653.24,107336.875
Dominica,DMA,1955,4386.2363,25916.379,105175.12
Dominica,DMA,1956,4640.3047,26175.998,110945.92
Dominica,DMA,1957,4887.664,26451.88,113446.6
Dominica,DMA,1958,5117.314,26775.139,118054.08
Dominica,DMA,1959,5318.2563,27087.543,131583.39
Dominica,DMA,1960,5479.491,27345.287,113730.56
Dominica,DMA,1961,5931.5254,28402.8,225537.52
Dominica,DMA,1962,5826.369,27908.736,145873
Dominica,DMA,1963,5694.036,27530.783,123605.05
Dominica,DMA,1964,5617.5522,27390.701,101419.52
Dominica,DMA,1965,5516.1436,27195.502,228835.12
Dominica,DMA,1966,5418.2363,27135.545,144902.03
Dominica,DMA,1967,5324.956,27271.303,96125.04
Dominica,DMA,1968,5292.03,27599.316,77090.56
Dominica,DMA,1969,5293.2827,28195.26,60758.28
Dominica,DMA,1970,5316.846,27379.646,58981.242
Dominica,DMA,1971,5480.042,29371.52,44691.637
Dominica,DMA,1972,5618.7324,30246.916,39479.6
Dominica,DMA,1973,5843.4136,31263.174,33901.16
Dominica,DMA,1974,6053.619,32257.168,46239.68
Dominica,DMA,1975,6296.4424,33411.582,33974.44
Dominica,DMA,1976,15510.738,34681.56,28973.08
Dominica,DMA,1977,17065.275,36042.668,24365.6
Dominica,DMA,1978,15021.812,37363.06,48612.12
Dominica,DMA,1979,10169.565,38815.64,31995.88
Dominica,DMA,1980,12701.143,39851.016,33012.637
Dominica,DMA,1981,13398.212,40949.387,32472.2
Dominica,DMA,1982,15023.214,42101.46,44334.4
Dominica,DMA,1983,12110.068,42956.848,47064.082
Dominica,DMA,1984,12553.728,44444.855,51341.8
Dominica,DMA,1985,13569.031,46638.734,41522.277
Dominica,DMA,1986,14661.473,48715.656,46908.36
Dominica,DMA,1987,15984.414,53628.92,39497.92
Dominica,DMA,1988,16169.534,54645.27,46578.6
Dominica,DMA,1989,22345.047,57368.59,49216.68
Dominica,DMA,1990,23480.434,58469.25,48712.88
Dominica,DMA,1991,24572.354,58358.258,50609
Dominica,DMA,1992,22363.025,58489.31,56269.88
Dominica,DMA,1993,22497.793,58823.73,80168.32
Dominica,DMA,1994,21670.912,58956.332,73307.48
Dominica,DMA,1995,17690.758,58983.59,88302.4
Dominica,DMA,1996,16866.443,59303.62,85178.84
Dominica,DMA,1997,17342.016,59395.676,94338.836
Dominica,DMA,1998,17359.543,59376.164,179765
Dominica,DMA,1999,17436.791,59382.113,170403.48
Dominica,DMA,2000,17145.592,59762.797,195849.97
Dominica,DMA,2001,17168.262,59781.33,170742.39
Dominica,DMA,2002,12288.593,59833.926,136758.8
Dominica,DMA,2003,12927.347,60300.562,130942.195
Dominica,DMA,2004,13619.319,60635.656,145332.55
Dominica,DMA,2005,13996.788,60823.47,143592.16
Dominica,DMA,2006,12674.855,61088.508,183914.48
Dominica,DMA,2007,15731.733,61737.664,157213.08
Dominica,DMA,2008,13257.613,62208.867,165970.03
Dominica,DMA,2009,12893.452,62370.418,155509.31
Dominica,DMA,2010,13204.821,62910.74,156306.23
Dominica,DMA,2011,13358.478,64879.918,144361.61
Dominica,DMA,2012,13162.345,65560.42,160455.72
Dominica,DMA,2013,14175.688,65524.188,135778.69
Dominica,DMA,2014,12958.26,66198.08,136255
Dominica,DMA,2015,14529.837,66136.93,140578.52
Dominica,DMA,2016,13416.832,66458.42,141769.31
Dominica,DMA,2017,13262.63,66173.62,125757.64
Dominica,DMA,2018,13272.631,66700.98,127140.8
Dominica,DMA,2019,14491.268,67002.62,137061.08
Dominica,DMA,2020,13604.383,67099.445,125546.95
Dominica,DMA,2021,13265.458,67492.516,128221.68
Dominica,DMA,2022,13389.673,67483.125,126571.64
Dominica,DMA,2023,13307.164,67771.99,134993.77
India,IND,1850,20571196,200839060,127221640
India,IND,1851,20986484,201611650,98598696
India,IND,1852,21391394,202384880,84243704
India,IND,1853,21779508,203158720,76633450
India,IND,1854,22144402,203933180,72181070
India,IND,1855,22479656,204708290,67424216
India,IND,1856,22778854,205484050,66123864
India,IND,1857,23035568,206260430,61849492
India,IND,1858,23243380,207113280,60819830
India,IND,1859,23395870,207937490,57759068
India,IND,1860,23486618,208717140,57946180
India,IND,1861,23538560,209468110,57148904
India,IND,1862,23580604,210258000,56082664
India,IND,1863,23615300,211049840,55976456
India,IND,1864,23645190,211824510,54671540
India,IND,1865,23672822,212604320,55752160
India,IND,1866,23700738,213400740,55493864
India,IND,1867,23731486,214060800,54027950
India,IND,1868,23767606,214844510,54187470
India,IND,1869,23811652,215628900,53842700
India,IND,1870,23866158,217394380,53800500
India,IND,1871,24252898,217755100,54066820
India,IND,1872,25204682,218115820,54163784
India,IND,1873,26590638,218476720,54565760
India,IND,1874,28279884,218837620,54113256
India,IND,1875,30141544,219198500,54553764
India,IND,1876,32044742,219559550,54904296
India,IND,1877,33858604,219920620,53813130
India,IND,1878,35452250,220621540,56283316
India,IND,1879,36694800,220955650,55780412
India,IND,1880,37455380,221350340,57094670
India,IND,1881,37892268,223262780,58627760
India,IND,1882,38260236,225233800,60049696
India,IND,1883,38573148,227216670,60769588
India,IND,1884,38844852,229174370,61260132
India,IND,1885,39089204,231063710,61874304
India,IND,1886,39320070,233027890,62323470
India,IND,1887,39551308,235016110,63908988
India,IND,1888,39796772,236998690,65680900
India,IND,1889,40070320,239016820,65855844
India,IND,1890,41600730,241026080,66636240
India,IND,1891,41717960,241501330,67397510
India,IND,1892,41840184,241994940,68497624
India,IND,1893,41967276,242432140,68151030
India,IND,1894,42099090,242925200,68393160
India,IND,1895,42235492,243590640,70730890
India,IND,1896,42376356,244116500,71532550
India,IND,1897,42521536,244620350,73121740
India,IND,1898,42670910,245220690,74174850
India,IND,1899,42824336,245807760,75743020
India,IND,1900,42981684,246575920,78551780
India,IND,1901,43151856,245603420,78747090
India,IND,1902,43340424,244717020,78924190
India,IND,1903,43542216,243574240,80749270
India,IND,1904,43752084,242698900,82976940
India,IND,1905,43964856,241618670,83829190
India,IND,1906,44175384,240933860,84749096
India,IND,1907,44378508,240235710,87113704
India,IND,1908,44569056,239639570,91406010
India,IND,1909,44741880,238224770,91163450
India,IND,1910,44891820,237088200,93519970
India,IND,1911,45021804,237745380,95749140
India,IND,1912,45140040,238787400,99585730
India,IND,1913,45249252,239671100,104377070
India,IND,1914,45352184,240122900,104713120
India,IND,1915,45451572,240713940,106251256
India,IND,1916,45550144,241140740,107610584
India,IND,1917,45650640,241825250,112236056
India,IND,1918,45755800,243030350,115721900
India,IND,1919,45868348,244039220,120381710
India,IND,1920,45991024,242867200,175599020
India,IND,1921,46133636,245727410,205110620
India,IND,1922,46299730,248147700,221047460
India,IND,1923,46482690,250887100,229836130
India,IND,1924,46675892,253910240,239956660
India,IND,1925,46872700,256343570,246242400
India,IND,1926,47066504,258894270,250987710
India,IND,1927,47250670,261777060,257399260
India,IND,1928,47418576,264354800,258524770
India,IND,1929,47563596,267185330,265816000
India,IND,1930,47679108,269840320,271760200
India,IND,1931,47777772,272854430,270766720
India,IND,1932,47877156,276040670,270911000
India,IND,1933,47977976,279626750,274744160
India,IND,1934,48080956,284088770,280697180
India,IND,1935,48186800,288116300,284498270
India,IND,1936,48296236,293404830,286405630
India,IND,1937,48409980,299687840,292729920
India,IND,1938,48528748,306306750,300664900
India,IND,1939,48653264,311676300,302459800
India,IND,1940,48784240,317831200,306803200
India,IND,1941,49059390,322511140,308227680
India,IND,1942,49579944,327185340,312025730
India,IND,1943,50291870,330600000,307856770
India,IND,1944,51141150,335561250,313136800
India,IND,1945,52073760,341087780,319498780
India,IND,1946,53035656,345559800,320311520
India,IND,1947,53972828,344481950,323213100
India,IND,1948,54831244,349124500,325046800
India,IND,1949,55556884,354397200,330520160
India,IND,1950,56095716,359069400,386299170
India,IND,1951,56551624,366824220,406937700
India,IND,1952,57057864,375293340,422046600
India,IND,1953,57604480,383666270,431392930
India,IND,1954,58181508,392564580,445474600
India,IND,1955,58778996,402174400,458016500
India,IND,1956,59386984,411747330,466303300
India,IND,1957,59995510,422888830,478458780
India,IND,1958,60594624,433488830,485579740
India,IND,1959,61174356,444563780,494985800
India,IND,1960,61724760,456892580,385898080
India,IND,1961,65634308,461617180,470298300
India,IND,1962,66067370,465113950,369669200
India,IND,1963,66652132,467752220,357060100
India,IND,1964,68445710,472497440,348667230
India,IND,1965,68280780,473627620,348728130
India,IND,1966,71058880,481585100,391393340
India,IND,1967,73784090,486467600,394671330
India,IND,1968,76257460,494517630,348137630
India,IND,1969,78160310,500735260,364296160
India,IND,1970,79371790,506324600,320626850
India,IND,1971,81589570,511510820,352188100
India,IND,1972,83537940,515106620,424552770
India,IND,1973,85554010,521570800,410931330
India,IND,1974,85374110,528277020,404843500
India,IND,1975,93671060,540604600,395580130
India,IND,1976,93077896,544304060,383557280
India,IND,1977,97350550,554551230,480852900
India,IND,1978,101815784,561920640,429219500
India,IND,1979,103763200,567756400,412561340
India,IND,1980,105923790,579793800,431993250
India,IND,1981,111295240,594940900,466808500
India,IND,1982,112192990,600340500,449220220
India,IND,1983,119542570,621175940,546716000
India,IND,1984,125121530,631925100,502165300
India,IND,1985,127758740,640488200,523922560
India,IND,1986,134219540,661193340,566180600
India,IND,1987,130508936,666871800,561863200
India,IND,1988,141584200,694417900,632337900
India,IND,1989,144313010,711206900,658534850
India,IND,1990,147337540,682595140,698154560
India,IND,1991,151958480,692461950,726012600
India,IND,1992,156331760,699349600,781045000
India,IND,1993,160094320,700165950,787784770
India,IND,1994,165885900,707689340,812296060
India,IND,1995,169379420,718586600,837041200
India,IND,1996,174295100,727114300,919320900
India,IND,1997,178869300,737114600,931021700
India,IND,1998,182525800,742404700,946409300
India,IND,1999,185849330,748887300,1024924860
India,IND,2000,182497800,751860160,1081518700
India,IND,2001,185242140,757557250,1074287200
India,IND,2002,178844670,753157400,1087946200
India,IND,2003,184999020,766618430,1133519600
India,IND,2004,191667280,778155970,1193060600
India,IND,2005,199958990,796301400,1247095900
India,IND,2006,209289000,808800900,1345248100
India,IND,2007,219158160,826853000,1469717200
India,IND,2008,223799820,842576500,1594719500
India,IND,2009,229678740,846517600,1691317600
India,IND,2010,236617170,856150400,1779188100
India,IND,2011,244344160,867947700,1856451200
India,IND,2012,244453810,870108600,2037141500
India,IND,2013,244683440,844152400,2048380800
India,IND,2014,248335090,852536700,2145954200
India,IND,2015,251788700,860388800,2213353700
India,IND,2016,251169250,867524900,2300360400
India,IND,2017,257000130,876480600,2353112600
India,IND,2018,264433800,891332860,2526310400
India,IND,2019,271832200,891978940,2528889000
India,IND,2020,279077600,898077600,2338553600
India,IND,2021,277707460,919330560,2584157700
India,IND,2022,283755970,933883970,2735588600
India,IND,2023,288717250,940655200,2967076400
Micronesia (country),FSM,1850,121.84585,877.56635,55344.723
Micronesia (country),FSM,1851,124.39988,882.4417,55866.84
Micronesia (country),FSM,1852,126.88779,887.3171,56379.797
Micronesia (country),FSM,1853,129.26863,892.19244,56901.92
Micronesia (country),FSM,1854,131.50153,897.0678,57396.56
Micronesia (country),FSM,1855,133.54553,901.9432,57891.2
Micronesia (country),FSM,1856,135.35973,906.8186,58367.52
Micronesia (country),FSM,1857,136.90321,911.694,58853
Micronesia (country),FSM,1858,138.13506,916.5693,59320.16
Micronesia (country),FSM,1859,139.01434,921.44464,59787.32
Micronesia (country),FSM,1860,139.50017,926.32,60236.16
Micronesia (country),FSM,1861,139.7387,929.5143,60675.84
Micronesia (country),FSM,1862,139.91414,932.7084,61106.36
Micronesia (country),FSM,1863,140.04276,935.90265,61518.562
Micronesia (country),FSM,1864,140.14075,939.09686,61930.76
Micronesia (country),FSM,1865,140.22435,942.29114,62315.477
Micronesia (country),FSM,1866,140.30977,945.4853,62672.72
Micronesia (country),FSM,1867,140.41321,948.6795,63029.96
Micronesia (country),FSM,1868,140.55092,951.87366,63368.883
Micronesia (country),FSM,1869,140.7391,955.0679,63671.164
Micronesia (country),FSM,1870,140.99399,958.26215,63973.44
Micronesia (country),FSM,1871,143.36609,961.5664,64248.242
Micronesia (country),FSM,1872,149.33907,964.8708,64513.88
Micronesia (country),FSM,1873,158.0789,968.1752,64761.203
Micronesia (country),FSM,1874,168.75154,971.4795,64999.36
Micronesia (country),FSM,1875,180.52292,974.7839,65200.883
Micronesia (country),FSM,1876,192.55902,978.08826,65402.4
Micronesia (country),FSM,1877,204.02579,981.3925,65567.28
Micronesia (country),FSM,1878,214.08917,984.69696,65732.16
Micronesia (country),FSM,1879,221.91513,988.0012,65869.555
Micronesia (country),FSM,1880,226.66962,991.3056,65970.32
Micronesia (country),FSM,1881,229.36133,994.72394,66052.76
Micronesia (country),FSM,1882,231.61382,998.1423,66126.04
Micronesia (country),FSM,1883,233.51538,1001.5605,66181
Micronesia (country),FSM,1884,235.15439,1004.9788,66235.96
Micronesia (country),FSM,1885,236.61913,1008.39703,66254.28
Micronesia (country),FSM,1886,237.9979,1011.81537,66272.6
Micronesia (country),FSM,1887,239.379,1015.2337,66281.766
Micronesia (country),FSM,1888,240.8508,1018.65204,66272.6
Micronesia (country),FSM,1889,242.50156,1022.07025,66254.28
Micronesia (country),FSM,1890,270.50214,1025.4886,66217.64
Micronesia (country),FSM,1891,258.26315,1029.0248,66171.836
Micronesia (country),FSM,1892,247.61122,1032.5609,66107.72
Micronesia (country),FSM,1893,238.47597,1036.0972,66025.27
Micronesia (country),FSM,1894,230.78703,1039.6333,65942.84
Micronesia (country),FSM,1895,224.47404,1043.1693,65842.086
Micronesia (country),FSM,1896,219.46666,1046.7057,65723
Micronesia (country),FSM,1897,215.69452,1050.2417,65603.92
Micronesia (country),FSM,1898,213.08723,1053.7778,65457.36
Micronesia (country),FSM,1899,211.57446,1057.3141,65301.64
Micronesia (country),FSM,1900,211.08586,1060.8502,65145.918
Micronesia (country),FSM,1901,213.04398,1064.5084,64999.36
Micronesia (country),FSM,1902,218.41634,1068.1664,64779.516
Micronesia (country),FSM,1903,226.45001,1071.8246,64568.84
Micronesia (country),FSM,1904,236.39209,1075.4827,64330.676
Micronesia (country),FSM,1905,247.48961,1079.1409,64092.52
Micronesia (country),FSM,1906,258.98962,1082.7988,63854.355
Micronesia (country),FSM,1907,270.13925,1086.457,63625.36
Micronesia (country),FSM,1908,280.1855,1090.1151,63332.242
Micronesia (country),FSM,1909,288.37543,1093.7732,63039.12
Micronesia (country),FSM,1910,293.95615,1097.4313,62718.523
Micronesia (country),FSM,1911,297.67596,1100.2452,62425.402
Micronesia (country),FSM,1912,300.86014,1103.0592,62095.64
Micronesia (country),FSM,1913,303.62106,1105.873,61747.56
Micronesia (country),FSM,1914,306.07104,1108.687,61371.996
Micronesia (country),FSM,1915,308.32257,1111.501,61088.04
Micronesia (country),FSM,1916,310.4881,1114.3148,60794.918
Micronesia (country),FSM,1917,312.67987,1117.1288,60336.918
Micronesia (country),FSM,1918,315.01044,1119.9426,59952.2
Micronesia (country),FSM,1919,317.59207,1122.7566,59530.84
Micronesia (country),FSM,1920,320.53726,1125.5706,59164.438
Micronesia (country),FSM,1921,324.19498,1128.4567,58688.12
Micronesia (country),FSM,1922,328.65305,1131.3428,58239.277
Micronesia (country),FSM,1923,333.63232,1134.2288,57845.4
Micronesia (country),FSM,1924,338.8536,1137.1149,57304.957
Micronesia (country),FSM,1925,344.03766,1140.001,56883.6
Micronesia (country),FSM,1926,348.90527,1142.8871,56352.32
Micronesia (country),FSM,1927,353.17722,1145.7731,55921.797
Micronesia (country),FSM,1928,356.57434,1148.6592,55472.96
Micronesia (country),FSM,1929,358.81732,1151.5453,54840.918
Micronesia (country),FSM,1930,359.62704,1154.4314,54236.36
Micronesia (country),FSM,1931,359.3206,1157.3915,53521.88
Micronesia (country),FSM,1932,358.48877,1160.3516,53146.32
Micronesia (country),FSM,1933,357.26297,1163.3116,52550.92
Micronesia (country),FSM,1934,355.7744,1166.2717,51928.04
Micronesia (country),FSM,1935,354.15454,1169.2318,53247.082
Micronesia (country),FSM,1936,352.53467,1172.1919,52935.64
Micronesia (country),FSM,1937,351.04614,1175.1519,51552.48
Micronesia (country),FSM,1938,349.8203,1178.1119,50700.6
Micronesia (country),FSM,1939,348.98846,1181.072,48941.883
Micronesia (country),FSM,1940,348.68207,1184.0321,47421.32
Micronesia (country),FSM,1941,354.2212,1238.281,45323.68
Micronesia (country),FSM,1942,369.40808,1290.4438,42850.48
Micronesia (country),FSM,1943,392.09674,1340.521,40441.4
Micronesia (country),FSM,1944,420.14124,1388.5122,37427.758
Micronesia (country),FSM,1945,451.39566,1402.7751,34185.12
Micronesia (country),FSM,1946,483.71414,1413.0189,30685.998
Micronesia (country),FSM,1947,514.95074,1419.3816,26912.08
Micronesia (country),FSM,1948,542.95953,1422.0013,22918.32
Micronesia (country),FSM,1949,565.5946,1421.016,18631.44
Micronesia (country),FSM,1950,580.70996,1416.5638,13978.159
Micronesia (country),FSM,1951,591.8236,1495.6036,9654.64
Micronesia (country),FSM,1952,603.8179,1563.8813,4644.12
Micronesia (country),FSM,1953,616.59375,1625.6577,-229
Micronesia (country),FSM,1954,630.0525,1684.2151,-5431.88
Micronesia (country),FSM,1955,644.095,1742.0216,-10204.24
Micronesia (country),FSM,1956,658.6224,1800.2848,-14839.2
Micronesia (country),FSM,1957,673.5356,1859.1772,-20197.8
Micronesia (country),FSM,1958,688.7358,1917.8654,-24594.6
Micronesia (country),FSM,1959,704.12396,1974.7013,-29192.92
Micronesia (country),FSM,1960,719.6012,2028.0746,-33543.92
Micronesia (country),FSM,1961,747.37573,2076.8396,-37830.8
Micronesia (country),FSM,1962,796.02014,2121.2153,-41989.438
Micronesia (country),FSM,1963,859.98193,2162.7192,-46514.48
Micronesia (country),FSM,1964,933.7086,2203.6326,-50682.28
Micronesia (country),FSM,1965,1011.64764,2244.4875,-54236.36
Micronesia (country),FSM,1966,1088.2467,2287.1077,-58449.96
Micronesia (country),FSM,1967,1157.9531,2328.5247,-61472.76
Micronesia (country),FSM,1968,1215.2146,2359.5828,-65054.324
Micronesia (country),FSM,1969,1254.4785,2369.0823,-68205.36
Micronesia (country),FSM,1970,1285.0267,2504.4023,-71667.84
Micronesia (country),FSM,1971,1286.3511,2533.149,-73893.73
Micronesia (country),FSM,1972,1288.6366,2541.986,-76760.8
Micronesia (country),FSM,1973,1218.8837,2542.689,-79838.56
Micronesia (country),FSM,1974,1253.1309,2550.5632,-81643.08
Micronesia (country),FSM,1975,1300.6229,2578.7134,-83694.92
Micronesia (country),FSM,1976,1304.5303,2629.5725,-85297.92
Micronesia (country),FSM,1977,1248.0006,2700.598,-87761.96
Micronesia (country),FSM,1978,1224.5867,2787.3018,-89145.12
Micronesia (country),FSM,1979,1217.2988,2883.2073,-90253.484
Micronesia (country),FSM,1980,1231.9396,2982.3958,-91142
Micronesia (country),FSM,1981,1225.7719,3084.4163,-91590.836
Micronesia (country),FSM,1982,1234.2765,3189.9692,-91187.805
Micronesia (country),FSM,1983,1207.3286,3296.5845,-91224.445
Micronesia (country),FSM,1984,1238.242,3401.0757,-90244.32
Micronesia (country),FSM,1985,1273.812,3500.6084,-88916.12
Micronesia (country),FSM,1986,1285.2632,3592.6506,-87038.32
Micronesia (country),FSM,1987,1267.8994,3676.8376,-83759.04
Micronesia (country),FSM,1988,1292.2671,3758.0745,-79673.68
Micronesia (country),FSM,1989,1326.8403,3842.4023,-74947.125
Micronesia (country),FSM,1990,1354.9163,3933.3008,-70339.64
Micronesia (country),FSM,1991,0.0022196,4147.3853,-65237.516
Micronesia (country),FSM,1992,0.0022184,4253.502,74452.484
Micronesia (country),FSM,1993,0.0022202,4356.2305,85160.52
Micronesia (country),FSM,1994,0.002219,4443.0464,98689.836
Micronesia (country),FSM,1995,12448.803,46062.793,126902.64
Micronesia (country),FSM,1996,12476.103,46145.477,133021.52
Micronesia (country),FSM,1997,12476.103,46193.836,146193.61
Micronesia (country),FSM,1998,12476.103,46200.82,155225.36
Micronesia (country),FSM,1999,12476.103,46169,146266.88
Micronesia (country),FSM,2000,12476.103,46139.414,136557.28
Micronesia (country),FSM,2001,12476.103,46191.477,123119.56
Micronesia (country),FSM,2002,12476.103,46202.69,109599.4
Micronesia (country),FSM,2003,12476.103,46304.68,121626.48
Micronesia (country),FSM,2004,12476.103,46330.664,103837.76
Micronesia (country),FSM,2005,12476.103,46374.75,78611.12
Micronesia (country),FSM,2006,12476.103,46326.605,75121.164
Micronesia (country),FSM,2007,12667.202,46894.656,93276.28
Micronesia (country),FSM,2008,12667.202,46950.285,69927.44
Micronesia (country),FSM,2009,13322.402,48991.504,105440.766
Micronesia (country),FSM,2010,13295.102,48994.793,60611.723
Micronesia (country),FSM,2011,14114.103,51801.68,70092.32
Micronesia (country),FSM,2012,14168.702,51854.75,71283.12
Micronesia (country),FSM,2013,14578.202,53309.867,80717.914
Micronesia (country),FSM,2014,14578.202,54254.996,80296.56
Micronesia (country),FSM,2015,14851.202,54887.73,87239.836
Micronesia (country),FSM,2016,15096.901,55938.39,86891.766
Micronesia (country),FSM,2017,14933.103,55206.492,86836.8
Micronesia (country),FSM,2018,15124.202,55694.62,86974.2
Micronesia (country),FSM,2019,15424.502,56870.164,90509.96
Micronesia (country),FSM,2020,15724.803,57742.34,90839.72
Micronesia (country),FSM,2021,16025.103,59204.37,87377.234
Micronesia (country),FSM,2022,16229.698,60020.44,90807.4
Micronesia (country),FSM,2023,16549.139,61202.145,93979.234
Tonga,TON,1850,727.63055,16529.22,32939.36
Tonga,TON,1851,742.7467,16622.078,33030.96
Tonga,TON,1852,757.47455,16714.979,33085.918
Tonga,TON,1853,771.57416,16807.922,33168.36
Tonga,TON,1854,784.8051,16900.914,33269.12
Tonga,TON,1855,796.9274,16993.951,33388.203
Tonga,TON,1856,807.7007,17087.04,33525.6
Tonga,TON,1857,816.8849,17180.18,33681.32
Tonga,TON,1858,824.2398,17273.37,33855.36
Tonga,TON,1859,829.52527,17366.615,34038.56
Tonga,TON,1860,832.501,17459.92,33580.56
Tonga,TON,1861,834.02496,17521.283,33241.637
Tonga,TON,1862,835.17883,17582.691,33104.24
Tonga,TON,1863,836.0578,17644.14,33058.44
Tonga,TON,1864,836.757,17705.635,33085.918
Tonga,TON,1865,837.37164,17767.174,33150.043
Tonga,TON,1866,837.99695,17828.762,33259.96
Tonga,TON,1867,838.7282,17890.395,33406.52
Tonga,TON,1868,839.66046,17952.08,33580.56
Tonga,TON,1869,840.8891,18013.816,33791.24
Tonga,TON,1870,842.5092,18075.604,34001.92
Tonga,TON,1871,856.5574,18139.45,34249.24
Tonga,TON,1872,891.74274,18203.326,34514.88
Tonga,TON,1873,943.1695,18267.26,34826.32
Tonga,TON,1874,1005.9418,18331.25,35137.76
Tonga,TON,1875,1075.1638,18395.297,35476.684
Tonga,TON,1876,1145.9396,18459.404,35843.082
Tonga,TON,1877,1213.3734,18523.574,36227.8
Tonga,TON,1878,1272.5695,18587.809,36621.68
Tonga,TON,1879,1318.6318,18652.107,37043.04
Tonga,TON,1880,1346.6646,18716.475,37446.08
Tonga,TON,1881,1362.5887,18779.387,37894.918
Tonga,TON,1882,1375.9348,18846.855,38352.918
Tonga,TON,1883,1387.2211,18914.453,38829.24
Tonga,TON,1884,1396.966,18982.193,39314.72
Tonga,TON,1885,1405.688,19050.074,39827.68
Tonga,TON,1886,1413.9053,19118.107,40358.957
Tonga,TON,1887,1422.1364,19186.297,40890.242
Tonga,TON,1888,1430.8997,19254.65,41449
Tonga,TON,1889,1440.7136,19323.174,42026.082
Tonga,TON,1890,1596.4204,19391.875,42575.68
Tonga,TON,1891,1530.2375,19458.389,43171.08
Tonga,TON,1892,1472.8102,19524.924,43757.32
Tonga,TON,1893,1423.7603,19591.473,44371.043
Tonga,TON,1894,1382.7097,19658.031,45012.24
Tonga,TON,1895,1349.2808,19724.604,45662.6
Tonga,TON,1896,1323.0952,19791.633,46331.277
Tonga,TON,1897,1303.7751,19858.676,47009.12
Tonga,TON,1898,1290.9426,19925.734,47714.438
Tonga,TON,1899,1284.2197,19992.805,48438.08
Tonga,TON,1900,1283.2284,20059.889,49161.723
Tonga,TON,1901,1295.9185,20128.34,49903.68
Tonga,TON,1902,1327.6898,20199.252,50645.64
Tonga,TON,1903,1374.3407,20270.156,51369.28
Tonga,TON,1904,1431.6687,20341.053,52102.082
Tonga,TON,1905,1495.4718,20411.94,52908.16
Tonga,TON,1906,1561.5481,20482.816,53760.04
Tonga,TON,1907,1625.6952,20553.684,54520.32
Tonga,TON,1908,1683.7112,20624.543,55363.043
Tonga,TON,1909,1731.3938,20695.395,56169.12
Tonga,TON,1910,1764.541,20766.234,56663.76
Tonga,TON,1911,1787.3406,20818.38,57314.117
Tonga,TON,1912,1807.1893,20870.56,58046.92
Tonga,TON,1913,1824.6993,20922.777,58743.082
Tonga,TON,1914,1840.4817,20975.03,59540
Tonga,TON,1915,1855.1486,21027.314,60281.96
Tonga,TON,1916,1869.3114,21079.629,61271.24
Tonga,TON,1917,1883.5819,21131.975,62022.36
Tonga,TON,1918,1898.5715,21184.346,62938.36
Tonga,TON,1919,1914.8921,21236.742,63936.8
Tonga,TON,1920,1933.1554,21289.162,64770.355
Tonga,TON,1921,1955.2887,21342.83,65686.36
Tonga,TON,1922,1981.79,21394.975,66703.12
Tonga,TON,1923,2011.1265,21447.967,67417.59
Tonga,TON,1924,2041.7651,21501.021,68580.92
Tonga,TON,1925,2072.1733,21554.13,69469.44
Tonga,TON,1926,2100.818,21605.547,70541.16
Tonga,TON,1927,2126.167,21658.793,71603.72
Tonga,TON,1928,2146.6873,21712.084,72528.875
Tonga,TON,1929,2160.8452,21763.773,73637.24
Tonga,TON,1930,2167.1091,21817.176,74443.32
Tonga,TON,1931,2168.5422,21873.227,75817.32
Tonga,TON,1932,2169.4653,21926.783,76916.52
Tonga,TON,1933,2170.2292,21980.89,78171.44
Tonga,TON,1934,2171.1853,22035.074,79069.12
Tonga,TON,1935,2172.6853,22089.324,80415.64
Tonga,TON,1936,2175.0806,22094.855,81533.16
Tonga,TON,1937,2178.7222,22100.197,82540.766
Tonga,TON,1938,2183.9617,22105.348,83905.6
Tonga,TON,1939,2191.1504,22110.3,84986.484
Tonga,TON,1940,2200.64,22115.057,85902.48
Tonga,TON,1941,2245.278,22180.322,87395.555
Tonga,TON,1942,2348.8796,22245.562,88705.44
Tonga,TON,1943,2498.245,22310.934,89960.36
Tonga,TON,1944,2680.176,22376.434,91123.68
Tonga,TON,1945,2881.4727,22636.469,92332.8
Tonga,TON,1946,3088.936,22901.373,93596.875
Tonga,TON,1947,3289.3672,23165.936,95392.24
Tonga,TON,1948,3469.5667,23434.566,96729.6
Tonga,TON,1949,3616.3354,23707.256,98186.05
Tonga,TON,1950,3716.4749,24105.371,122808.125
Tonga,TON,1951,3790.4038,25399.6,134633.67
Tonga,TON,1952,3867.3145,26595.389,140349.53
Tonga,TON,1953,3947.165,27682.748,143060.88
Tonga,TON,1954,4029.914,28660.531,145057.75
Tonga,TON,1955,4115.5195,29548.352,189767.72
Tonga,TON,1956,4203.941,30382.637,226691.69
Tonga,TON,1957,4295.136,31218.72,184491.55
Tonga,TON,1958,4389.0635,32124.23,174937.69
Tonga,TON,1959,4485.682,33179.355,175010.97
Tonga,TON,1960,4584.9497,34495.008,168644.77
Tonga,TON,1961,5023.7417,36002.664,183337.39
Tonga,TON,1962,5726.527,41103.816,193138.61
Tonga,TON,1963,6116.9424,43025.465,182952.67
Tonga,TON,1964,6080.7036,43875.54,201410.08
Tonga,TON,1965,5858.4263,44872.023,229522.12
Tonga,TON,1966,6618.9263,49741.445,209232.72
Tonga,TON,1967,6309.619,48481.715,206521.36
Tonga,TON,1968,6918.3203,51483.203,222075.05
Tonga,TON,1969,7184.146,53860.98,179655.08
Tonga,TON,1970,7738.0317,55173.055,165026.56
Tonga,TON,1971,7453.2104,54664.836,132994.05
Tonga,TON,1972,7591.082,54430.293,108225.4
Tonga,TON,1973,8638.012,58865.777,94412.12
Tonga,TON,1974,9123.062,61163.35,80690.445
Tonga,TON,1975,11423.577,67212.58,66345.875
Tonga,TON,1976,12481.723,72916.805,57726.32
Tonga,TON,1977,14071.68,79626.414,50618.16
Tonga,TON,1978,18012.973,93854.336,51790.64
Tonga,TON,1979,18296.57,94510.01,76247.836
Tonga,TON,1980,18664.75,95486.01,78116.48
Tonga,TON,1981,21319.36,105324.445,75341
Tonga,TON,1982,19818.404,96925.16,49775.44
Tonga,TON,1983,16429.637,83460.195,51067
Tonga,TON,1984,15188.504,75288.09,46651.88
Tonga,TON,1985,18321.898,85139.88,42932.918
Tonga,TON,1986,18013.566,88204.54,41650.52
Tonga,TON,1987,20575.28,95988.05,47540.402
Tonga,TON,1988,22188.398,102024.42,46239.68
Tonga,TON,1989,21386.951,93893.516,48502.2
Tonga,TON,1990,19297.135,87733.58,62535.32
Tonga,TON,1991,19360.447,88008.51,65118.438
Tonga,TON,1992,20161.271,90590.86,46844.242
Tonga,TON,1993,20022.684,90349.24,67848.125
Tonga,TON,1994,20404.084,89097.11,95575.44
Tonga,TON,1995,19640.734,85282.7,91691.6
Tonga,TON,1996,20222.041,85884.94,40725.36
Tonga,TON,1997,20549.736,85820.61,69130.516
Tonga,TON,1998,20905.28,86046.98,58449.96
Tonga,TON,1999,21360.646,87606.54,68159.56
Tonga,TON,2000,20976.604,89739.77,53329.52
Tonga,TON,2001,20762.336,89972.14,46816.76
Tonga,TON,2002,21052.355,90311.74,61655.96
Tonga,TON,2003,21568.566,90634.23,76495.164
Tonga,TON,2004,21198.047,90753.04,76394.4
Tonga,TON,2005,21311.584,91033.29,106567.44
Tonga,TON,2006,21596.102,91240.39,127305.69
Tonga,TON,2007,21336.686,91457.48,114518.32
Tonga,TON,2008,22169.148,91803.266,144114.28
Tonga,TON,2009,22116.916,92141.3,148648.48
Tonga,TON,2010,21451.553,92545.02,135018.4
Tonga,TON,2011,21150.018,92693.64,139873.2
Tonga,TON,2012,21740.945,93654.34,141384.61
Tonga,TON,2013,21840.03,93928.98,170000.44
Tonga,TON,2014,22032.277,94524.62,179032.2
Tonga,TON,2015,22161.748,95249.52,176439.92
Tonga,TON,2016,22743.354,95926.01,178244.44
Tonga,TON,2017,23594.584,96574.37,180626.05
Tonga,TON,2018,22945.379,97061.914,167756.23
Tonga,TON,2019,23753.719,97592.82,183548.08
Tonga,TON,2020,23115.105,98089.32,199303.28
Tonga,TON,2021,23373.455,98652.41,202655.83
Tonga,TON,2022,23491.643,99091.914,202224.64
Tonga,TON,2023,23549.54,99633.55,200952.31
United Kingdom,GBR,1850,3260712,57722384,137311700
United Kingdom,GBR,1851,3314324,56399124,129722120
United Kingdom,GBR,1852,3366896,56371510,127226230
United Kingdom,GBR,1853,3417785,56314176,126641770
United Kingdom,GBR,1854,3466346.2,60948584,150774850
United Kingdom,GBR,1855,3511937.2,59326020,140379090
United Kingdom,GBR,1856,3553913.8,61234556,148136240
United Kingdom,GBR,1857,3591633,60694376,144857060
United Kingdom,GBR,1858,3624450.2,60118760,141309260
United Kingdom,GBR,1859,3651723.2,62871660,155096320
United Kingdom,GBR,1860,3672808,66150536,177263950
United Kingdom,GBR,1861,3690003.2,67471390,186290060
United Kingdom,GBR,1862,3706206.5,66415844,184530830
United Kingdom,GBR,1863,3721673.2,68378160,198652080
United Kingdom,GBR,1864,3736658.2,70862776,214398350
United Kingdom,GBR,1865,3751417,72948010,226920420
United Kingdom,GBR,1866,3766204.2,73947140,235508980
United Kingdom,GBR,1867,3781275.2,74843370,243377570
United Kingdom,GBR,1868,3796885,73938090,240586750
United Kingdom,GBR,1869,3813288.2,75695650,250130380
United Kingdom,GBR,1870,3830741,76393550,257211710
United Kingdom,GBR,1871,3881491.8,78846770,268474180
United Kingdom,GBR,1872,3988875.2,81144700,279094980
United Kingdom,GBR,1873,4139774.2,82870210,290484400
United Kingdom,GBR,1874,4321071,81520720,285404380
United Kingdom,GBR,1875,4519648.5,84101600,298321760
United Kingdom,GBR,1876,4722389,84060560,295183800
United Kingdom,GBR,1877,4916175.5,84977230,300315460
United Kingdom,GBR,1878,5087890.5,84145170,294966720
United Kingdom,GBR,1879,5224417,84471280,295847940
United Kingdom,GBR,1880,5312636.5,88894060,323825120
United Kingdom,GBR,1881,5368414,91612700,334571550
United Kingdom,GBR,1882,5417283.5,92107760,339274880
United Kingdom,GBR,1883,5460634.5,94387960,353186660
United Kingdom,GBR,1884,5499856,92895700,344244740
United Kingdom,GBR,1885,5536336,92208860,338529920
United Kingdom,GBR,1886,5571464.5,91692550,336380770
United Kingdom,GBR,1887,5606630,93106264,345336740
United Kingdom,GBR,1888,5643221.5,95342930,358520200
United Kingdom,GBR,1889,5682627,97445240,368166820
United Kingdom,GBR,1890,5409658.5,98877240,379295970
United Kingdom,GBR,1891,5831790,100281220,385720900
United Kingdom,GBR,1892,6231649.5,99079960,376595870
United Kingdom,GBR,1893,6605347,92610990,342322100
United Kingdom,GBR,1894,6948995.5,100936970,390580380
United Kingdom,GBR,1895,7258705.5,101681500,392970180
United Kingdom,GBR,1896,7530589,103596664,401077020
United Kingdom,GBR,1897,7760757.5,105467784,411734500
United Kingdom,GBR,1898,7945322,105659150,412292740
United Kingdom,GBR,1899,8080393.5,110634630,439551230
United Kingdom,GBR,1900,8162084.5,111617440,448978850
United Kingdom,GBR,1901,8190889,110186430,438511520
United Kingdom,GBR,1902,8176932,113133576,453473570
United Kingdom,GBR,1903,8130768,113904890,455235620
United Kingdom,GBR,1904,8062952,114421760,459861820
United Kingdom,GBR,1905,7984039.5,115631600,467628900
United Kingdom,GBR,1906,7904586,118671480,481979870
United Kingdom,GBR,1907,7835146,122519880,499807100
United Kingdom,GBR,1908,7786275,120651670,488505340
United Kingdom,GBR,1909,7768529,121636584,492212960
United Kingdom,GBR,1910,7792461.5,122591304,494060580
United Kingdom,GBR,1911,7841675,124686040,508721060
United Kingdom,GBR,1912,7892923.5,120082470,478661860
United Kingdom,GBR,1913,7946494.5,126533120,522437860
United Kingdom,GBR,1914,8002674,123757016,507724500
United Kingdom,GBR,1915,8061748.5,125276880,513647970
United Kingdom,GBR,1916,8124004,128755740,529090660
United Kingdom,GBR,1917,8189727,127225256,523037200
United Kingdom,GBR,1918,8259203.5,120340776,487851420
United Kingdom,GBR,1919,8332720,119416240,476113470
United Kingdom,GBR,1920,8410563,123451064,497460770
United Kingdom,GBR,1921,8502936,96269224,352674430
United Kingdom,GBR,1922,8616697,115312750,457623800
United Kingdom,GBR,1923,8747118,123332710,482296500
United Kingdom,GBR,1924,8889472,127299540,502926100
United Kingdom,GBR,1925,9039031,122660540,476498050
United Kingdom,GBR,1926,9191065,87492720,276467700
United Kingdom,GBR,1927,9340847,125861780,495495500
United Kingdom,GBR,1928,9483650,120360290,469471520
United Kingdom,GBR,1929,9614744,124738376,494429220
United Kingdom,GBR,1930,9729401,121192390,474940930
United Kingdom,GBR,1931,9875306,116221560,444409470
United Kingdom,GBR,1932,10092862,113661380,428799740
United Kingdom,GBR,1933,10366425,113046350,428147680
United Kingdom,GBR,1934,10680347,118453590,460623900
United Kingdom,GBR,1935,11018983,119767624,465756600
United Kingdom,GBR,1936,11366686,124167704,490322430
United Kingdom,GBR,1937,11707811,126838060,505994370
United Kingdom,GBR,1938,12026711,123096930,488323520
United Kingdom,GBR,1939,12307740,124997350,488685540
United Kingdom,GBR,1940,12535250,129114640,515588100
United Kingdom,GBR,1941,13052724,129552420,515921120
United Kingdom,GBR,1942,14125573,131197070,509369180
United Kingdom,GBR,1943,15621049,130097870,507441540
United Kingdom,GBR,1944,17406404,129459990,507139500
United Kingdom,GBR,1945,19348892,126812660,470142850
United Kingdom,GBR,1946,21315766,131103496,480988380
United Kingdom,GBR,1947,23174274,136888960,502698100
United Kingdom,GBR,1948,24791674,140402850,521080450
United Kingdom,GBR,1949,26035212,143274340,525827650
United Kingdom,GBR,1950,26772142,144686560,515986560
United Kingdom,GBR,1951,27334218,152018000,559566700
United Kingdom,GBR,1952,28119680,151158930,543833300
United Kingdom,GBR,1953,29095510,154413230,555407200
United Kingdom,GBR,1954,30228702,157614030,567397200
United Kingdom,GBR,1955,31486244,162179490,592742900
United Kingdom,GBR,1956,32835122,163387460,590017900
United Kingdom,GBR,1957,34242324,162942240,587023600
United Kingdom,GBR,1958,35674840,160990850,571674430
United Kingdom,GBR,1959,37099660,157110660,567179500
United Kingdom,GBR,1960,38483770,163015980,600337600
United Kingdom,GBR,1961,40816950,166160200,614640830
United Kingdom,GBR,1962,42247870,165633700,620943360
United Kingdom,GBR,1963,43839240,167209090,623664800
United Kingdom,GBR,1964,45517496,165922180,624962560
United Kingdom,GBR,1965,47834476,167419650,637112450
United Kingdom,GBR,1966,49750910,165171800,631982700
United Kingdom,GBR,1967,52060264,160448270,604679200
United Kingdom,GBR,1968,52858428,161672750,617102460
United Kingdom,GBR,1969,53121404,162891650,635735500
United Kingdom,GBR,1970,50992544,162787120,660504700
United Kingdom,GBR,1971,51966196,162103260,667462850
United Kingdom,GBR,1972,51855790,151234900,654551940
United Kingdom,GBR,1973,53315704,158027400,665611460
United Kingdom,GBR,1974,59894932,150358260,621462300
United Kingdom,GBR,1975,62318076,154922340,608384640
United Kingdom,GBR,1976,69858900,151702700,603758400
United Kingdom,GBR,1977,67311800,148062960,608843140
United Kingdom,GBR,1978,69446790,147039220,608359040
United Kingdom,GBR,1979,70218680,149404720,649953800
United Kingdom,GBR,1980,61556856,149383380,582941950
United Kingdom,GBR,1981,63115790,148664670,564357000
United Kingdom,GBR,1982,61902910,147143790,552016200
United Kingdom,GBR,1983,62431250,145899620,550281800
United Kingdom,GBR,1984,62673070,118224760,535527780
United Kingdom,GBR,1985,61962204,134834530,563946430
United Kingdom,GBR,1986,62148130,143336460,573160600
United Kingdom,GBR,1987,60916772,140241230,581733300
United Kingdom,GBR,1988,56954428,138280200,576275700
United Kingdom,GBR,1989,58525856,134877980,586623200
United Kingdom,GBR,1990,57559500,139787950,606208640
United Kingdom,GBR,1991,56785560,143004660,612320500
United Kingdom,GBR,1992,51801684,138337390,589626600
United Kingdom,GBR,1993,48089172,134762130,575607900
United Kingdom,GBR,1994,48999268,129788320,571725950
United Kingdom,GBR,1995,47450296,133804584,569626200
United Kingdom,GBR,1996,48281812,133327260,594795260
United Kingdom,GBR,1997,47550220,131296830,565429100
United Kingdom,GBR,1998,47136724,123523370,566377200
United Kingdom,GBR,1999,37626132,116234230,558263230
United Kingdom,GBR,2000,35785570,110627690,567900300
United Kingdom,GBR,2001,34483492,107046856,578056960
United Kingdom,GBR,2002,34095656,102178800,559820800
United Kingdom,GBR,2003,33643624,97366920,574003600
United Kingdom,GBR,2004,33526232,92328200,579563200
United Kingdom,GBR,2005,32081210,85262780,593536700
United Kingdom,GBR,2006,31283290,78925060,586681150
United Kingdom,GBR,2007,31046592,73633110,573766600
United Kingdom,GBR,2008,30573286,68297064,556450050
United Kingdom,GBR,2009,29176204,64283536,502815200
United Kingdom,GBR,2010,29869908,59143380,521278080
United Kingdom,GBR,2011,29705846,56044944,480494050
United Kingdom,GBR,2012,29707036,54479744,499887650
United Kingdom,GBR,2013,29634112,52139300,488911140
United Kingdom,GBR,2014,30458006,51119172,448912220
United Kingdom,GBR,2015,30488942,50969830,435717440
United Kingdom,GBR,2016,30247200,51590716,412329600
United Kingdom,GBR,2017,30558026,52404156,397777470
United Kingdom,GBR,2018,30220822,52201800,392296960
United Kingdom,GBR,2019,30362450,51352676,375835550
United Kingdom,GBR,2020,28980156,50337330,335932900
United Kingdom,GBR,2021,29610210,49523050,354508670
United Kingdom,GBR,2022,29541284,48960924,323781860
United Kingdom,GBR,2023,29109590,47981756,315153800
